{"test_result": {"acc": [0.6523016650342801, 0.686973555337904, 0.7334965719882468, 0.6676787463271303, 0.7241919686581783, 0.7459353574926543, 0.7520078354554358, 0.7429970617042115, 0.7431929480901077, 0.7348677766895201], "out_loss": [0.6441279608692175, 0.6284984453043467, 0.6045307117355448, 0.8816891971375088, 0.6806154102203619, 0.6862527194880357, 0.6534359535094532, 0.693814808144256, 0.7450099591171611, 0.749204255115818]}, "train_result": {"out_loss": [0.6303194733525095, 0.4853690583334278, 0.36423527766094516, 0.3033202099896636, 0.25654683762837033, 0.2113581591395111, 0.18115312617407878, 0.17049458191205977, 0.13401501341854874, 0.13544153646652696], "acc": [0.6352732793522267, 0.7673582995951417, 0.8387651821862349, 0.8683704453441295, 0.8920040485829959, 0.9133097165991904, 0.92834008097166, 0.9305161943319838, 0.9492408906882591, 0.9519230769230769]}}