{"test_result": {"acc": [0.6852105778648384, 0.6828599412340842, 0.7636630754162586, 0.7186092066601372, 0.7425073457394711, 0.7469147894221352, 0.7645445641527914, 0.7574926542605289, 0.7631733594515181, 0.7548481880509305], "out_loss": [0.6216269565253564, 0.7255774019679553, 0.531486349871181, 0.7997442218409457, 0.6564793401690716, 0.6490142098241756, 0.5907368539411324, 0.7173296820797924, 0.6642362199875297, 0.7239309762413606]}, "train_result": {"out_loss": [0.605639021044318, 0.4597628526842063, 0.3573005976162941, 0.2830207464153226, 0.26137042448286585, 0.2027635226697333, 0.18011999656993005, 0.16174069537521013, 0.13588850995005383, 0.13752599565221774], "acc": [0.6630060728744939, 0.7846153846153847, 0.8405364372469636, 0.8800607287449392, 0.8918522267206478, 0.9176113360323886, 0.9284919028340081, 0.9332995951417005, 0.9467105263157894, 0.9455971659919028]}}