{"test_result": {"acc": [0.6306562193927522, 0.7028403525954946, 0.7176297747306563, 0.6774730656219393, 0.7414299706170421, 0.7296767874632712, 0.7765915768854065, 0.7638589618021547, 0.7622918707149853, 0.7404505386875612], "out_loss": [0.6592998582525805, 0.6090188977630672, 0.6239618036621987, 0.8832652914528742, 0.6083150317131634, 0.6756620565210709, 0.5699478272284514, 0.6479759549311069, 0.6389766069528456, 0.7267449738017643]}, "train_result": {"out_loss": [0.6199078649161798, 0.46402558207753214, 0.34893354821784295, 0.27465899339933625, 0.26228328936013134, 0.20229399720063576, 0.17541662157939272, 0.16479565122500364, 0.1347217424829238, 0.12471750582783268], "acc": [0.6536437246963562, 0.7825910931174089, 0.8520748987854251, 0.8858299595141701, 0.8959008097165991, 0.921912955465587, 0.9308704453441295, 0.9311234817813766, 0.9510121457489878, 0.9536943319838057]}}