{"test_result": {"acc": [0.6280117531831537, 0.7, 0.7177277179236043, 0.6967678746327131, 0.7343780607247796, 0.7320274240940254, 0.7547502448579824, 0.7431929480901077, 0.7438785504407444, 0.7517140058765915], "out_loss": [0.6548660793961121, 0.6194185307584644, 0.6317785776603576, 0.793559381508025, 0.6512746254276595, 0.7108368134368007, 0.6334726808910406, 0.7104332925568164, 0.7823699141265198, 0.7481957986799298]}, "train_result": {"out_loss": [0.631833420108687, 0.49045662877530705, 0.36991987688097394, 0.302579764593468, 0.26515269614303644, 0.21125522872003225, 0.1833077479711911, 0.1666347648428097, 0.13303189096135287, 0.1389870616185068], "acc": [0.6448886639676114, 0.7611842105263158, 0.8324392712550608, 0.87332995951417, 0.8890688259109312, 0.9138157894736842, 0.9301113360323887, 0.9287449392712551, 0.9517712550607288, 0.9450910931174089]}}