{"test_result": {"acc": [0.48481880509304603, 0.5965719882468169, 0.6723800195886386, 0.6819784524975514, 0.7037218413320274, 0.7395690499510285, 0.7460333006856024, 0.7291870714985309, 0.7268364348677767, 0.7328109696376102], "out_loss": [0.7204588327049649, 0.651672728511276, 0.5941022370995863, 0.6246572697946163, 0.5959082169571953, 0.5716836775459221, 0.5467497373352495, 0.6327865383877814, 0.6679444437109062, 0.6291003632410218]}, "train_result": {"out_loss": [0.7031053415676842, 0.6553104389534306, 0.5885793145610253, 0.5031575527992326, 0.4335940609335417, 0.360634726732366, 0.31363856768318515, 0.2828535747371222, 0.2444935928019676, 0.24002912370601165], "acc": [0.5604757085020243, 0.6121457489878542, 0.6885121457489879, 0.7558198380566802, 0.8033906882591093, 0.8440789473684212, 0.8698886639676113, 0.8873481781376519, 0.9030364372469636, 0.8992914979757085]}}