{"test_result": {"acc": [0.6048971596474045, 0.6960822722820764, 0.7194906953966699, 0.7047992164544564, 0.709892262487757, 0.7204701273261508, 0.7642507345739471, 0.7382957884427033, 0.715181194906954, 0.7415279138099902], "out_loss": [0.6995087284623923, 0.6087264736446789, 0.6236439603665065, 0.7691665727627669, 0.7164206032601881, 0.7494784329255608, 0.6022194269898818, 0.7369199484551736, 0.7858565048735839, 0.7205308502035708]}, "train_result": {"out_loss": [0.6473159873292513, 0.49258624517965893, 0.37160780437682805, 0.2993045404010456, 0.26333531603096466, 0.2242175115098958, 0.19775397191766786, 0.17619481813237975, 0.14872348479368547, 0.14633953964963617], "acc": [0.6342611336032389, 0.7628542510121458, 0.8428137651821863, 0.8721659919028341, 0.8868927125506073, 0.9100202429149797, 0.9211538461538462, 0.9338056680161944, 0.9426619433198381, 0.9415485829959515]}}