{"test_result": {"acc": [0.5615083251714006, 0.6752203721841332, 0.7061704211557297, 0.7085210577864839, 0.7341821743388834, 0.7361410381978453, 0.7653281096963761, 0.7492654260528894, 0.735847208619001, 0.7622918707149853], "out_loss": [0.7313250001980479, 0.6304346766083826, 0.6154968574153425, 0.7201195437233773, 0.6384668672262036, 0.6729240063956833, 0.5714610397162758, 0.6904855136510352, 0.7414601814520657, 0.6539652742713643]}, "train_result": {"out_loss": [0.6588201580742593, 0.5249585756647442, 0.40601653828915313, 0.32706636847996035, 0.29174383159591116, 0.24604335644467157, 0.2237204977571361, 0.19705486080424506, 0.16788414582941938, 0.1648663539846658], "acc": [0.6261133603238866, 0.7387651821862348, 0.8144736842105263, 0.8637145748987854, 0.8756578947368421, 0.9011639676113361, 0.9075910931174089, 0.9211538461538462, 0.93582995951417, 0.9367408906882592]}}