{"test_result": {"acc": [0.6335945151811949, 0.6909892262487757, 0.7475024485798237, 0.6875612144955926, 0.7222331047992164, 0.7508325171400587, 0.7751224289911851, 0.7672869735553379, 0.7671890303623898, 0.7584720861900098], "out_loss": [0.6723544513675529, 0.635665978787464, 0.561030517115093, 0.8585719806790725, 0.732692651823746, 0.6936583069323654, 0.6184738820217585, 0.6794041792493377, 0.6453297145967846, 0.6856522401430424]}, "train_result": {"out_loss": [0.6403140774381305, 0.46513974135703884, 0.3447989151786696, 0.28306886579403995, 0.24215567169281152, 0.20438152158006964, 0.17301645456447534, 0.16044032192121632, 0.13295863121408621, 0.13570283342771203], "acc": [0.6465080971659919, 0.7827935222672064, 0.849240890688259, 0.8772267206477733, 0.9012145748987854, 0.9182186234817814, 0.9326417004048584, 0.9357287449392713, 0.9500000000000001, 0.950253036437247]}}