{"test_result": {"acc": [0.5256611165523996, 0.5915768854064642, 0.6976493633692459, 0.709794319294809, 0.7352595494613124, 0.752203721841332, 0.7666993143976494, 0.7305582761998041, 0.7294809010773752, 0.7450538687561215], "out_loss": [0.7069390813976013, 0.6852835219510844, 0.593196044878594, 0.6434875717838419, 0.5857568398491131, 0.5820467413777664, 0.5404348391485699, 0.6739737111754447, 0.7324489955039745, 0.6259715705701909]}, "train_result": {"out_loss": [0.6906600428013666, 0.6149110189574932, 0.5013794632937744, 0.4086204681560578, 0.35790085352142814, 0.29198754418958056, 0.2588685829840932, 0.23926307604863092, 0.20154091065018043, 0.20026178936274186], "acc": [0.5870445344129555, 0.6560728744939271, 0.7580465587044535, 0.8152834008097166, 0.8433704453441295, 0.8769736842105263, 0.8919028340080972, 0.9048076923076923, 0.9196356275303644, 0.916497975708502]}}