{"test_result": {"acc": [0.5169441723800196, 0.5254652301665035, 0.5357492654260528, 0.553281096963761, 0.6720861900097943, 0.678158667972576, 0.6900097943192948, 0.7309500489715964, 0.6840352595494613, 0.7415279138099902], "out_loss": [0.6927039511326892, 0.6933579298438787, 0.6992443612483745, 0.6805915626375142, 0.5945160266285957, 0.6001825427318775, 0.6155665695014321, 0.5765018928125617, 0.7176762909769825, 0.5636769015814217]}, "train_result": {"out_loss": [0.7350041880781352, 0.6867550792481735, 0.6770540454127045, 0.648099794802878, 0.6069019639540297, 0.5280179842280955, 0.4543148947630817, 0.3911204235515131, 0.33776007146246523, 0.30864263099697437], "acc": [0.5187246963562753, 0.5613866396761134, 0.5899291497975708, 0.633248987854251, 0.6756072874493927, 0.7415991902834008, 0.7932186234817814, 0.8287955465587045, 0.8595141700404859, 0.8680161943319838]}}