{"test_result": {"acc": [0.5649363369245838, 0.672869735553379, 0.6618021547502448, 0.6580803134182175, 0.7197845249755142, 0.7265426052889324, 0.7285994123408424, 0.7363369245837414, 0.7267384916748286, 0.7150832517140059], "out_loss": [0.7438666067306238, 0.6339398172679641, 0.7609769779728238, 0.8715265308024365, 0.6262702353106279, 0.6761523131951573, 0.6654123824544496, 0.7463720618005323, 0.8118041605267423, 0.8891856831196748]}, "train_result": {"out_loss": [0.6866991337735643, 0.517850510987193, 0.3983605515498381, 0.3108639071284518, 0.27694502148611344, 0.23012711321897353, 0.1891498607225143, 0.1701596266163988, 0.14853875094323385, 0.14094154811596218], "acc": [0.6124999999999999, 0.7431174089068826, 0.8210526315789474, 0.8673582995951418, 0.8871963562753036, 0.9078441295546559, 0.9258097165991903, 0.9324392712550608, 0.9408906882591094, 0.9458502024291497]}}