{"test_result": {"acc": [0.5077375122428991, 0.5841332027424094, 0.5600391772771792, 0.5089128305582762, 0.5125367286973556, 0.5977473065621939, 0.5962781586679726, 0.5907933398628795, 0.5730656219392752, 0.6223310479921645], "out_loss": [0.7344398883773314, 0.6702849757690011, 0.6769452718595197, 0.7424040860226829, 0.7231293349105614, 0.6635954310076897, 0.6670019946094596, 0.6783612930625444, 0.6838193491964086, 0.6658485809309008]}, "train_result": {"out_loss": [0.6645758383669834, 0.6503427536622716, 0.6313127516976252, 0.6293191026579513, 0.6199482113484912, 0.6163948910680377, 0.6062610490843352, 0.600402504447018, 0.5928830032647863, 0.5900464156861247], "acc": [0.5953947368421053, 0.6245951417004049, 0.647165991902834, 0.6454453441295547, 0.6467611336032388, 0.6564271255060729, 0.6681174089068826, 0.6736336032388663, 0.6817813765182187, 0.6798076923076923]}}