{"test_result": {"acc": [0.5323212536728698, 0.6247796278158668, 0.7191968658178257, 0.700097943192948, 0.7421155729676787, 0.7391772771792361, 0.7636630754162586, 0.7377081292850147, 0.7341821743388834, 0.7659157688540646], "out_loss": [0.7193674067376365, 0.6862595290272075, 0.5734748948534516, 0.7015064000990096, 0.6096855584234698, 0.6260368481499955, 0.5531933311320526, 0.6970333005236068, 0.7280129887781606, 0.6035856647221648]}, "train_result": {"out_loss": [0.6785838722217421, 0.5707182769591992, 0.44173465681220836, 0.3571609425761922, 0.3139414126091158, 0.25915106180829073, 0.2326372970981516, 0.21115244575870423, 0.1755384344547263, 0.18153049390355827], "acc": [0.5984311740890689, 0.6995951417004049, 0.789423076923077, 0.845748987854251, 0.8678137651821862, 0.8901821862348178, 0.9045546558704454, 0.9148279352226721, 0.9305161943319838, 0.9281376518218624]}}