{"test_result": {"acc": [0.6594515181194907, 0.6940254652301665, 0.7495592556317336, 0.7065621939275221, 0.7303623898139079, 0.7550440744368266, 0.7666993143976494, 0.7516160626836434, 0.7598432908912831, 0.7527913809990205, 0.7535749265426053, 0.7534769833496572, 0.7534769833496572, 0.7443682664054848, 0.7533790401567091, 0.7244857982370225, 0.7322233104799216, 0.7044074436826641, 0.7426052889324192, 0.7438785504407444, 0.7385896180215475, 0.7406464250734573, 0.7539666993143976, 0.7410381978452497, 0.7493633692458375], "out_loss": [0.6480307131306107, 0.6351338266999882, 0.5604952543460894, 0.7696122520826232, 0.6711972478386569, 0.6739784823686864, 0.6357640443320193, 0.6983091318761239, 0.6659443948493691, 0.6546944636262731, 0.7146867702719472, 0.7632983717863362, 0.7730317202532235, 0.7974372238258894, 0.7906261359280229, 0.9285110000824098, 0.9389559288796312, 1.1004032970221016, 0.8185576753623796, 0.911833248490319, 1.0171140137861638, 0.9943018604728724, 0.9368268242499358, 0.9582608412333264, 0.8302251976216576], "confusion_mat": ["|        | Actual T | Actual F |\n| Pred T | 4226     | 3153     |\n| Pred F | 324      | 2507     |", "|        | Actual T | Actual F |\n| Pred T | 4236     | 2810     |\n| Pred F | 314      | 2850     |", "|        | Actual T | Actual F |\n| Pred T | 3828     | 1835     |\n| Pred F | 722      | 3825     |", "|        | Actual T | Actual F |\n| Pred T | 4139     | 2585     |\n| Pred F | 411      | 3075     |", "|        | Actual T | Actual F |\n| Pred T | 4068     | 2271     |\n| Pred F | 482      | 3389     |", "|        | Actual T | Actual F |\n| Pred T | 4048     | 1999     |\n| Pred F | 502      | 3661     |", "|        | Actual T | Actual F |\n| Pred T | 3739     | 1571     |\n| Pred F | 811      | 4089     |", "|        | Actual T | Actual F |\n| Pred T | 3975     | 1961     |\n| Pred F | 575      | 3699     |", "|        | Actual T | Actual F |\n| Pred T | 3471     | 1373     |\n| Pred F | 1079     | 4287     |", "|        | Actual T | Actual F |\n| Pred T | 3647     | 1621     |\n| Pred F | 903      | 4039     |", "|        | Actual T | Actual F |\n| Pred T | 3751     | 1717     |\n| Pred F | 799      | 3943     |", "|        | Actual T | Actual F |\n| Pred T | 3638     | 1605     |\n| Pred F | 912      | 4055     |", "|        | Actual T | Actual F |\n| Pred T | 3784     | 1751     |\n| Pred F | 766      | 3909     |", "|        | Actual T | Actual F |\n| Pred T | 4028     | 2088     |\n| Pred F | 522      | 3572     |", "|        | Actual T | Actual F |\n| Pred T | 3346     | 1314     |\n| Pred F | 1204     | 4346     |", "|        | Actual T | Actual F |\n| Pred T | 3928     | 2191     |\n| Pred F | 622      | 3469     |", "|        | Actual T | Actual F |\n| Pred T | 3799     | 1983     |\n| Pred F | 751      | 3677     |", "|        | Actual T | Actual F |\n| Pred T | 4043     | 2511     |\n| Pred F | 507      | 3149     |", "|        | Actual T | Actual F |\n| Pred T | 3944     | 2022     |\n| Pred F | 606      | 3638     |", "|        | Actual T | Actual F |\n| Pred T | 3970     | 2035     |\n| Pred F | 580      | 3625     |", "|        | Actual T | Actual F |\n| Pred T | 3798     | 1917     |\n| Pred F | 752      | 3743     |", "|        | Actual T | Actual F |\n| Pred T | 3818     | 1916     |\n| Pred F | 732      | 3744     |", "|        | Actual T | Actual F |\n| Pred T | 3597     | 1559     |\n| Pred F | 953      | 4101     |", "|        | Actual T | Actual F |\n| Pred T | 3962     | 2056     |\n| Pred F | 588      | 3604     |", "|        | Actual T | Actual F |\n| Pred T | 3807     | 1816     |\n| Pred F | 743      | 3844     |"]}, "train_result": {"out_loss": [0.640078609771574, 0.4672755919366713, 0.35171843941515757, 0.2876887183621345, 0.25638478074358545, 0.21226675918529392, 0.1795480542887862, 0.1720008959971097, 0.1428836897573611, 0.14442093676778106, 0.12495571448041601, 0.10482526844488042, 0.10131224922869762, 0.09990134414074271, 0.08407080269876777, 0.08709848157850354, 0.064532049209528, 0.0775707577692669, 0.07546840018879336, 0.06422645182665512, 0.06280737026332527, 0.05952924222266867, 0.05688245979897482, 0.05750962950313758, 0.06607535691424707], "acc": [0.6427125506072875, 0.7810222672064777, 0.849493927125506, 0.8759615384615385, 0.8939777327935222, 0.9121457489878543, 0.9346659919028341, 0.9330465587044534, 0.9462044534412956, 0.9462044534412956, 0.9534412955465587, 0.958248987854251, 0.9606275303643725, 0.9643218623481782, 0.9664473684210526, 0.9665485829959515, 0.9773279352226721, 0.9717611336032389, 0.9734311740890689, 0.978744939271255, 0.9786437246963563, 0.9784919028340081, 0.9800101214574899, 0.9816295546558704, 0.9757085020242915]}}