{"test_result": {"acc": [0.6335945151811949, 0.6943192948090108, 0.7541625857002938, 0.7023506366307541, 0.7257590597453477, 0.7497551420176298, 0.7808031341821743, 0.769539666993144, 0.7690499510284036, 0.7570029382957885, 0.7633692458374143, 0.7624877571008815, 0.7627815866797257, 0.7478942213516161, 0.7713026444662096, 0.7505386875612144, 0.7512242899118511, 0.7181194906953967, 0.7265426052889324, 0.7538687561214495, 0.7534769833496572, 0.7517140058765915, 0.7598432908912831, 0.7516160626836434, 0.7614103819784525], "out_loss": [0.6723544513675529, 0.6419407806252836, 0.5551883837146938, 0.8255871203094022, 0.7186270258236379, 0.7237753153943307, 0.605307251121703, 0.7089285513558111, 0.6229288166094461, 0.6714896441485401, 0.6849436036519508, 0.7605421161789196, 0.7649029702945075, 0.8265961711652029, 0.7239633984761735, 0.8933060813508636, 0.9499803111248639, 1.0977337098970472, 0.9577701565385425, 0.9219412949921473, 0.9740708085937143, 0.9815194797942616, 0.8874104674439148, 1.004075596234375, 0.8332780084058246]}, "train_result": {"out_loss": [0.6403140774381305, 0.46624622871035987, 0.34600806736994366, 0.2777918171031996, 0.24132125697999832, 0.20343272740903653, 0.17017778202981843, 0.1589094139748679, 0.1287642488678397, 0.1353714600137552, 0.11339544352739747, 0.09591030700486682, 0.09103099573761798, 0.0885237731446742, 0.0750721871790661, 0.07403262494309137, 0.05594512475192592, 0.06728358828907584, 0.0668580006211355, 0.05893201552998833, 0.055923391342811615, 0.052313533711986174, 0.04354082936796205, 0.04936811463414363, 0.06220098751194602], "acc": [0.6465080971659919, 0.7820344129554656, 0.8525303643724695, 0.8849696356275304, 0.9009615384615385, 0.9179655870445345, 0.9339068825910931, 0.9339574898785425, 0.950253036437247, 0.950506072874494, 0.9600202429149798, 0.9643218623481782, 0.9677125506072874, 0.9686234817813765, 0.9704959514170041, 0.9736336032388665, 0.979504048582996, 0.9763157894736842, 0.978997975708502, 0.979251012145749, 0.9794534412955466, 0.9806174089068826, 0.9874493927125506, 0.9835526315789473, 0.9784919028340081]}}