{"test_result": {"acc": [0.6812928501469148, 0.6963761018609207, 0.7588638589618022, 0.6884427032321254, 0.711949069539667, 0.7446620959843291, 0.7556317335945152, 0.742409402546523, 0.7594515181194907, 0.7516160626836434], "out_loss": [0.6161540841832407, 0.6630408621869737, 0.5497689364195243, 0.887552581809123, 0.7563392747782393, 0.6640999023110281, 0.6448313327439141, 0.7379697530832089, 0.6693179437975182, 0.7179563934615987]}, "train_result": {"out_loss": [0.5916541221170772, 0.45040181966928333, 0.33988660688583666, 0.2858253641710108, 0.24940861491599547, 0.2118065057224349, 0.17827510415210657, 0.15935031201328465, 0.1360799905312387, 0.12941999962131082], "acc": [0.6762651821862348, 0.7910931174089069, 0.8495445344129555, 0.875, 0.9035931174089069, 0.9140688259109312, 0.929504048582996, 0.9348178137651822, 0.9492408906882591, 0.951163967611336]}}