{"test_result": {"acc": [0.6900097943192948, 0.7049951028403526, 0.7714005876591576, 0.694515181194907, 0.751126346718903, 0.7540646425073457, 0.7715964740450538, 0.7464250734573947, 0.7752203721841332, 0.7496571988246817], "out_loss": [0.6068731499762975, 0.6346866263423541, 0.5056155238691163, 0.8210851791225875, 0.5840671357461171, 0.6356111817376714, 0.582287659585849, 0.7480267033983657, 0.6219209964286554, 0.7061806120946187]}, "train_result": {"out_loss": [0.6191641971891225, 0.4578737390910083, 0.3474833679344007, 0.2805375430114597, 0.24884408100806027, 0.19998957067426398, 0.17130270720976085, 0.15975407602242853, 0.13540765727391307, 0.13356063774172292], "acc": [0.6518724696356275, 0.7891700404858301, 0.852834008097166, 0.8788967611336033, 0.8990384615384616, 0.921912955465587, 0.9332489878542509, 0.9378036437246963, 0.9484817813765183, 0.9474696356275304]}}