{"test_result": {"acc": [0.6980411361410382, 0.7038197845249755, 0.7667972575905975, 0.6746327130264447, 0.7405484818805093, 0.7348677766895201, 0.7667972575905975, 0.7396669931439765, 0.7631733594515181, 0.7541625857002938], "out_loss": [0.5951416935532678, 0.6451765988867421, 0.5298400222963664, 0.8787815686729219, 0.6636118663705197, 0.7031334327396839, 0.6450672308114213, 0.7701817503394283, 0.6342727253927685, 0.6799820707863159]}, "train_result": {"out_loss": [0.5979650445312623, 0.4436754342394802, 0.3479603751287287, 0.28928427935129236, 0.2553873424406959, 0.210989598290399, 0.1718039179771294, 0.16240740176064042, 0.13016131163861316, 0.13093636451130694], "acc": [0.674493927125506, 0.7924595141700406, 0.8471153846153847, 0.8778846153846154, 0.8977732793522267, 0.9168522267206478, 0.9340587044534413, 0.9349696356275303, 0.9507591093117409, 0.9496457489878543]}}